slug,name,source_name,source_type,source_url,accessed_on,analysis_date,entered_on,notes,residuo_fisso_180,residuo_temperatura_non_dichiarata,tds,ph,conducibilita,temperatura,co2_libera,calcio,magnesio,sodio,potassio,bicarbonati,solfati,cloruri,nitrati,nitriti,fluoruri,silice,ferro,ferro_bivalente,durezza
santanna-rebruant,Sant’Anna · Rebruant,Rebruant – Vinadio,produttore,https://shop.santanna.it/naturale-2-litri.html,2026-10-10,2024-06-28,2026-10-10,Naturale 2 L. Conducibilità a 20 °C. Analisi Università di Torino DIP. BMSS.,22.4,,,6.9,25.1,6.4,3.2,3.3,,1.5,,12.5,,,0.89,,<0.10,,,,1
levissima,Levissima,,produttore,https://www.levissima.it/prodotti/le-naturali/bottiglia-1-5-litri/,2026-10-10,2023-09-04,2026-10-10,"Naturale 1,5 L. Conducibilità a 20 °C. Analisi Università di Pavia.",88.3,,,7.9,135,6,2.4,23.1,1.8,2.1,1.8,57.9,22.9,,1.4,<0.002,0.2,5.9,,,6.5
acqua-panna,Acqua Panna,,produttore,https://www.acquapanna.com/it/bottiglia-di-vetro-75-cl,2026-10-10,,2026-10-10,"Analisi tipica, data non dichiarata nella fonte. Vetro 75 cl.",142,,,8,,,,32.2,6.7,7,0.9,107,23,8.2,2.4,,,7.1,,,
lete,Lete,,produttore,https://acqualete.it/caratteristiche/,2026-10-10,,2026-10-10,Effervescente naturale. Solo i due valori della pagina consultata; analisi completa da acquisire.,,,,,,,,302,,5.3,,,,,,,,,,,
ferrarelle,Ferrarelle · analisi storica,Riardo,produttore,https://www.ferrarelle.it/assets/pdf/epd_18-11-2020_ferrarelle_ita_web.pdf,2026-10-10,2018-04-23,2026-10-10,"DATO STORICO. EPD 2020, p. 7 (PDF p. 7); documento scaduto, usato esclusivamente come archivio dell’analisi. Non descrive un lotto attuale. Conducibilità a 20 °C. Università Federico II.",1350,,,6.2,1820,,2600,400,25,50,49,1500,4.8,16,3.5,,1.1,84,,,
lauretana,Lauretana,,produttore,https://www.lauretana.com/acqua_caratteristiche.php,2026-10-10,,2026-10-10,Scheda parziale: solo residuo fisso verificato.,14,,,,,,,,,,,,,,,,,,,,
alpe-guizza-caudana,Alpe Guizza · Caudana,Caudana,produttore,https://www.sanbenedetto.it/it/prodotto/acqua-minerale-guizza?f=hub,2026-10-10,,2026-10-10,Sezione Fonte Caudana. Scheda parziale; confezione non identificata. Temperatura del residuo non dichiarata nel passaggio consultato: escluso dai filtri a 180 °C.,,88.2,,,,,,,,,,,,,,,,,,,
rocchetta,Rocchetta,,produttore,https://www.rocchetta.it/acqua-minerale-naturale-rocchetta/,2026-10-10,,2026-10-10,Solo i valori numerici verificati nella pagina del produttore. Temperatura del residuo non dichiarata nel passaggio consultato: escluso dai filtri a 180 °C.,,175.9,,,,,,,,4.24,,,,,,,,,,,
uliveto,Uliveto,,produttore,https://www.uliveto.it/acqua/,2026-10-10,,2026-10-10,Effervescente naturale. Università di Camerino; data non riportata. Conducibilità a 20 °C. CO₂ non importata perché la dicitura non specifica libera.,729,,,5.7,1122,,,171,26,64,7.3,568,89,76,6.4,,0.9,7.3,,,
san-bernardo,S.Bernardo · scheda parziale,,produttore,https://www.sanbernardo.it/eventi/acqua-s-bernardo-celebra-cuneo-con-una-limited-edition-per-illuminata/,2026-10-10,,2026-10-10,Fonte editoriale storica del produttore relativa alla PET Premium Cuneo. Data dell’analisi assente. Da aggiornare con etichetta. Temperatura del residuo non dichiarata nel passaggio consultato: escluso dai filtri a 180 °C.,,34.5,,7,,,,,,,,,,,1.4,,,,,,
frasassi,Frasassi,,produttore,https://acquafrasassi.it/it/caratteristiche-acqua-minerale-frasassi,2026-10-10,,2026-10-10,Articolo del 17 febbraio 2023; questa data non è la data di analisi. Solfati non riportati.,327.7,,,,,,,97.2,4.2,17.9,1.7,312.3,,19.9,2.3,,,10.9,,,
sorgesana,Sorgesana,,produttore,https://www.acquasorgesana.it/lacqua/,2026-10-10,,2026-10-10,Sodio non importato: due valori diversi compaiono nella stessa pagina. In attesa di etichetta leggibile. Temperatura del residuo non dichiarata nel passaggio consultato: escluso dai filtri a 180 °C.,,252,,,,,,,,,,,,,,,,,,,
vera-in-bosco,Acqua Vera · In Bosco,In Bosco,produttore,https://www.acquavera.eu/wp-content/uploads/2025/05/AV_Bilancio-Sostenibilita-2024.pdf,2026-10-10,,2026-10-10,"Bilancio 2024, p. 25 (PDF p. 16), tabella Family PET. TDS mantenuto separato dal residuo a 180 °C: temperatura non specificata. Data di analisi assente.",,,162,7.9,,,,35.8,19.9,2.1,,146,,,4.5,,,,,,
vera-naturae,Acqua Vera · Naturae,Naturae,produttore,https://www.acquavera.eu/wp-content/uploads/2025/05/AV_Bilancio-Sostenibilita-2024.pdf,2026-10-10,,2026-10-10,"Bilancio 2024, p. 25 (PDF p. 16), tabella Family PET. TDS mantenuto separato dal residuo a 180 °C: temperatura non specificata. Data di analisi assente.",,,464,7,,,,122,29.1,4.3,,501,,,1.9,,,,,,
vera-santa-rosalia,Acqua Vera · Santa Rosalia,Santa Rosalia,produttore,https://www.acquavera.eu/wp-content/uploads/2025/05/AV_Bilancio-Sostenibilita-2024.pdf,2026-10-10,,2026-10-10,"Bilancio 2024, p. 25 (PDF p. 16), tabella Family PET. TDS mantenuto separato dal residuo a 180 °C: temperatura non specificata. Data di analisi assente.",,,269,8.04,,,,60.8,19.8,7.7,,260,,,2.4,,,,,,
plose,Plose,,produttore,https://acquaplose.com/proprieta/caratteristiche/,2026-10-10,,2026-10-10,"Valori dalla tabella. Conducibilità omessa: temperatura indicata in modo ambiguo. Durezza tabella 1,3 °f; introduzione 1,1 °f: discrepanza da verificare.",22,,,6.6,,5.7,,2,1.4,1.3,<0.2,14,3.4,<0.4,1,,,5.8,,,1.3
eva-rocce-azzurre,Eva · Rocce Azzurre,Rocce Azzurre,produttore,https://acquaeva.it/leggera/,2026-10-10,2019-09-27,2026-10-10,DATO STORICO. Solo residuo fisso verificato.,45,,,,,,,,,,,,,,,,,,,,
santa-croce,Santa Croce,,produttore,https://www.acquasantacroce.it/index.php,2026-10-10,,2026-10-10,Scheda parziale; analisi completa da acquisire. Temperatura del residuo non dichiarata nel passaggio consultato: escluso dai filtri a 180 °C.,,177,,,,,,,,,,,,,0.5,,,,,,
vitasnella,Vitasnella,,produttore,https://www.acquavitasnella.it/la-naturale/,2026-10-10,,2026-10-10,Tabella dedicata a Vitasnella. Esclusi tutti i dati sulle altre marche presenti nella pagina.,422,,,,,,,96,29,3.5,1.2,313,106,,2.9,,0.4,,,,
fonte-essenziale,Fonte Essenziale,Antica Fonte – Boario,produttore,https://www.fonteessenziale.it/acqua/,2026-10-10,,2026-10-10,Solo composizione numerica; diciture salutistiche non importate.,,,,,,,,593,102,14,,,1603,,,,,,,,
