candidate,status,official_source,rationale
Sant’Anna · Rebruant,published_partial_or_complete,https://shop.santanna.it/naturale-2-litri.html,Producer numeric data verified; not a distribution ranking
Levissima,published_partial_or_complete,https://www.levissima.it/prodotti/le-naturali/bottiglia-1-5-litri/,Producer numeric data verified; not a distribution ranking
Acqua Panna,published_partial_or_complete,https://www.acquapanna.com/it/bottiglia-di-vetro-75-cl,Producer numeric data verified; not a distribution ranking
Lete,published_partial_or_complete,https://acqualete.it/caratteristiche/,Producer numeric data verified; not a distribution ranking
Ferrarelle · analisi storica,published_partial_or_complete,https://www.ferrarelle.it/assets/pdf/epd_18-11-2020_ferrarelle_ita_web.pdf,Producer numeric data verified; not a distribution ranking
Lauretana,published_partial_or_complete,https://www.lauretana.com/acqua_caratteristiche.php,Producer numeric data verified; not a distribution ranking
Alpe Guizza · Caudana,published_partial_or_complete,https://www.sanbenedetto.it/it/prodotto/acqua-minerale-guizza?f=hub,Producer numeric data verified; not a distribution ranking
Rocchetta,published_partial_or_complete,https://www.rocchetta.it/acqua-minerale-naturale-rocchetta/,Producer numeric data verified; not a distribution ranking
Uliveto,published_partial_or_complete,https://www.uliveto.it/acqua/,Producer numeric data verified; not a distribution ranking
S.Bernardo · scheda parziale,published_partial_or_complete,https://www.sanbernardo.it/eventi/acqua-s-bernardo-celebra-cuneo-con-una-limited-edition-per-illuminata/,Producer numeric data verified; not a distribution ranking
Frasassi,published_partial_or_complete,https://acquafrasassi.it/it/caratteristiche-acqua-minerale-frasassi,Producer numeric data verified; not a distribution ranking
Sorgesana,published_partial_or_complete,https://www.acquasorgesana.it/lacqua/,Producer numeric data verified; not a distribution ranking
Acqua Vera · In Bosco,published_partial_or_complete,https://www.acquavera.eu/wp-content/uploads/2025/05/AV_Bilancio-Sostenibilita-2024.pdf,Producer numeric data verified; not a distribution ranking
Acqua Vera · Naturae,published_partial_or_complete,https://www.acquavera.eu/wp-content/uploads/2025/05/AV_Bilancio-Sostenibilita-2024.pdf,Producer numeric data verified; not a distribution ranking
Acqua Vera · Santa Rosalia,published_partial_or_complete,https://www.acquavera.eu/wp-content/uploads/2025/05/AV_Bilancio-Sostenibilita-2024.pdf,Producer numeric data verified; not a distribution ranking
Plose,published_partial_or_complete,https://acquaplose.com/proprieta/caratteristiche/,Producer numeric data verified; not a distribution ranking
Eva · Rocce Azzurre,published_partial_or_complete,https://acquaeva.it/leggera/,Producer numeric data verified; not a distribution ranking
Santa Croce,published_partial_or_complete,https://www.acquasantacroce.it/index.php,Producer numeric data verified; not a distribution ranking
Vitasnella,published_partial_or_complete,https://www.acquavitasnella.it/la-naturale/,Producer numeric data verified; not a distribution ranking
Fonte Essenziale,published_partial_or_complete,https://www.fonteessenziale.it/acqua/,Producer numeric data verified; not a distribution ranking
San Benedetto Benedicta,not_published_pending_source_verification,,Candidate for broader geographic/retail coverage; current distribution and analysis not verified
San Benedetto Primavera,not_published_pending_source_verification,,Candidate for broader geographic/retail coverage; current distribution and analysis not verified
San Benedetto Pollino,not_published_pending_source_verification,,Candidate for broader geographic/retail coverage; current distribution and analysis not verified
San Benedetto Rondinella,not_published_pending_source_verification,,Candidate for broader geographic/retail coverage; current distribution and analysis not verified
San Benedetto Primavera delle Alpi,not_published_pending_source_verification,,Candidate for broader geographic/retail coverage; current distribution and analysis not verified
San Benedetto Fonte Annia,not_published_pending_source_verification,,Candidate for broader geographic/retail coverage; current distribution and analysis not verified
Pura di Roccia,not_published_pending_source_verification,,Candidate for broader geographic/retail coverage; current distribution and analysis not verified
Guizza Fonte Giara,not_published_pending_source_verification,,Candidate for broader geographic/retail coverage; current distribution and analysis not verified
Guizza Sandalia,not_published_pending_source_verification,,Candidate for broader geographic/retail coverage; current distribution and analysis not verified
Cutolo Rionero,not_published_pending_source_verification,,Candidate for broader geographic/retail coverage; current distribution and analysis not verified
Acqua di Nepi,not_published_pending_source_verification,,Candidate for broader geographic/retail coverage; current distribution and analysis not verified
Vivia,not_published_pending_source_verification,,Candidate for broader geographic/retail coverage; current distribution and analysis not verified
Norda,not_published_pending_source_verification,,Candidate for broader geographic/retail coverage; current distribution and analysis not verified
Sangemini,not_published_pending_source_verification,,Candidate for broader geographic/retail coverage; current distribution and analysis not verified
Gaudianello,not_published_pending_source_verification,,Candidate for broader geographic/retail coverage; current distribution and analysis not verified
Leggera,not_published_pending_source_verification,,Candidate for broader geographic/retail coverage; current distribution and analysis not verified
S.Pellegrino,not_published_pending_source_verification,,Candidate for broader geographic/retail coverage; current distribution and analysis not verified
Natía,not_published_pending_source_verification,,Candidate for broader geographic/retail coverage; current distribution and analysis not verified
Santagata,not_published_pending_source_verification,,Candidate for broader geographic/retail coverage; current distribution and analysis not verified
Boario,not_published_pending_source_verification,,Candidate for broader geographic/retail coverage; current distribution and analysis not verified
Fiuggi,not_published_pending_source_verification,,Candidate for broader geographic/retail coverage; current distribution and analysis not verified
Maniva,not_published_pending_source_verification,,Candidate for broader geographic/retail coverage; current distribution and analysis not verified
Recoaro,not_published_pending_source_verification,,Candidate for broader geographic/retail coverage; current distribution and analysis not verified
Pejo,not_published_pending_source_verification,,Candidate for broader geographic/retail coverage; current distribution and analysis not verified
Bracca,not_published_pending_source_verification,,Candidate for broader geographic/retail coverage; current distribution and analysis not verified
Goccia di Carnia,not_published_pending_source_verification,,Candidate for broader geographic/retail coverage; current distribution and analysis not verified
Fonte della Vita,not_published_pending_source_verification,,Candidate for broader geographic/retail coverage; current distribution and analysis not verified
Mont Roux,not_published_pending_source_verification,,Candidate for broader geographic/retail coverage; current distribution and analysis not verified
Alpi Cozie,not_published_pending_source_verification,,Candidate for broader geographic/retail coverage; current distribution and analysis not verified
Lurisia,not_published_pending_source_verification,,Candidate for broader geographic/retail coverage; current distribution and analysis not verified
